2024mibel,1,9775,3707,217,7211,469,4737
2024mibel,10,9735,94,6150,6538,6570,6615
2024mibel,11,7598,7220,6057,4395,8899,6101
2024mibel,12,9211,1528,8373,51,8895,3656
2024mibel,13,9727,5531,8179,8832,8519,6120
2024mibel,14,3707,1188,6570,4405,1481,469
2024mibel,15,830,7147,6057,1250,94,6615
2024mibel,16,7598,8895,6150,4737,7220,240
2024mibel,17,51,6101,9727,7211,226,8832
2024mibel,18,217,8179,4395,1528,9775,3656
2024mibel,19,6120,6538,66,9735,8899,9211
2024mibel,2,9211,1188,7598,830,8179,8895
2024mibel,20,94,8373,5531,3707,6057,8519
2024mibel,21,6570,4737,51,240,9727,830
2024mibel,22,7211,217,6150,1481,1250,8179
2024mibel,23,4395,3656,7598,8899,7147,6538
2024mibel,24,4405,7220,8895,8519,8373,1188
2024mibel,25,9775,9211,6101,8832,469,5531
2024mibel,26,226,6120,6615,9735,66,1528
2024mibel,27,3656,6570,1250,8179,3707,7598
2024mibel,28,6538,7211,1481,51,240,8519
2024mibel,29,94,4405,4737,4395,6150,8832
2024mibel,3,240,4405,1528,7147,9735,6120
2024mibel,30,1188,9735,217,8899,5531,6615
2024mibel,31,6057,66,469,9727,1528,8895
2024mibel,32,6101,830,6120,7220,9775,8373
2024mibel,33,226,9211,4405,7147,8519,94
2024mibel,34,240,8832,3656,1188,6615,4737
2024mibel,35,8179,7211,51,8895,6057,9735
2024mibel,36,217,8899,66,6101,6150,3707
2024mibel,37,8373,830,1481,5531,1528,7598
2024mibel,38,9211,6120,4395,469,6570,9727
2024mibel,39,7147,9775,226,6538,1250,7220
2024mibel,4,6570,66,1481,3656,226,94
2024mibel,40,6057,240,94,6101,3656,66
2024mibel,41,8519,6615,7211,4405,7598,830
2024mibel,42,8899,6120,469,1481,51,1188
2024mibel,43,226,8179,6538,5531,4395,3707
2024mibel,44,9775,8832,9735,8895,1250,8373
2024mibel,45,6150,7147,7220,9727,217,9211
2024mibel,46,1528,4737,830,6570,6057,8899
2024mibel,47,4395,66,51,3656,1188,4405
2024mibel,48,226,5531,1250,7598,8373,469
2024mibel,49,6615,1481,9727,8895,6538,9775
2024mibel,5,7220,8519,5531,1250,51,6150
2024mibel,50,8832,3707,1528,6150,9211,240
2024mibel,51,7147,4737,8179,6120,94,7211
2024mibel,52,217,6101,7220,8519,9735,6570
2024mibel,53,7598,226,8899,4405,9727,9775
2024mibel,54,8373,3656,3707,830,6150,1188
2024mibel,55,1481,8895,7147,5531,7211,66
2024mibel,56,6615,6101,9735,51,94,9211
2024mibel,57,1250,217,6057,6120,6570,240
2024mibel,58,469,6538,1528,8179,7220,8832
2024mibel,59,8519,4395,8895,4737,6150,226
2024mibel,6,6538,9727,8373,6057,6615,4395
2024mibel,60,8373,51,8899,9211,7147,7211
2024mibel,61,94,830,6570,66,1188,9775
2024mibel,62,8832,4405,6057,240,7598,217
2024mibel,63,1250,9727,8519,8179,1528,6101
2024mibel,64,5531,1481,9735,4737,4395,6538
2024mibel,65,6615,469,3707,7220,3656,6120
2024mibel,66,6570,7598,8832,66,8373,7147
2024mibel,67,1188,8895,94,8899,240,1250
2024mibel,68,6150,9775,8519,1528,6057,1481
2024mibel,69,4737,6101,5531,6615,8179,4405
2024mibel,7,6101,8832,7147,3707,8899,830
2024mibel,70,3656,6538,9211,7220,3707,7211
2024mibel,71,830,4395,226,6120,217,51
2024mibel,72,469,9735,1250,9727,7598,7147
2024mibel,73,8373,6615,240,66,8519,8179
2024mibel,74,9775,7211,8899,6150,5531,6570
2024mibel,75,6057,9211,4737,1188,226,6101
2024mibel,76,3707,6120,9727,8895,8832,217
2024mibel,77,1528,51,7220,94,1481,4395
2024mibel,78,469,830,3656,9735,4405,6538
2024mibel,8,7211,240,1188,217,469,226
2024mibel,9,66,1250,4405,1481,4737,9775